id,firstname,lastname,email,age
1,John,Doe,john.doe@example.com,30
2,Jane,Smith,jane.smith@example.com,25
3,Bob,Johnson,bob.johnson@example.com,45
4,Alice,Williams,alice.williams@example.com,22
5,Chris,Brown,chris.brown@example.com,33
6,Michael,Davis,michael.davis@example.com,41
7,Laura,Garcia,laura.garcia@example.com,29
8,Kevin,Martinez,kevin.martinez@example.com,35
9,Sarah,White,sarah.white@example.com,28
10,Brian,Taylor,brian.taylor@example.com,24
11,Eva,Wilson,eva.wilson@example.com,31
12,David,Moore,david.moore@example.com,23
13,Lily,Anderson,lily.anderson@example.com,27
14,Ryan,Thomas,ryan.thomas@example.com,36
15,Lisa,Jackson,lisa.jackson@example.com,32
